reference,male_population_2007,female_population_2007,population_2007,male_female_ratio_2007,crude_birth_rate_2007,male_population_2008,female_population_2008,population_2008,male_female_ratio_2008,crude_birth_rate_2008,male_population_2009,female_population_2009,population_2009,male_female_ratio_2009,crude_birth_rate_2009,male_population_2010,female_population_2010,population_2010,male_female_ratio_2010,crude_birth_rate_2010,male_population_2011,female_population_2011,population_2011,male_female_ratio_2011,crude_birth_rate_2011,male_population_2012,female_population_2012,population_2012,male_female_ratio_2012,crude_birth_rate_2012,male_population_2013,female_population_2013,population_2013,male_female_ratio_2013,crude_birth_rate_2013,male_population_2014,female_population_2014,population_2014,male_female_ratio_2014,crude_birth_rate_2014,male_population_2015,female_population_2015,population_2015,male_female_ratio_2015,crude_birth_rate_2015,male_population_2016,female_population_2016,population_2016,male_female_ratio_2016,crude_birth_rate_2016,male_population_2017,female_population_2017,population_2017,male_female_ratio_2017,crude_birth_rate_2017,male_population_2018,female_population_2018,population_2018,male_female_ratio_2018,crude_birth_rate_2018,male_population_2019,female_population_2019,population_2019,male_female_ratio_2019,crude_birth_rate_2019,male_population_2020,female_population_2020,population_2020,male_female_ratio_2020,crude_birth_rate_2020,male_population_2021,female_population_2021,population_2021,male_female_ratio_2021,crude_birth_rate_2021
Chibombo,40971,39344,80323,104.1,18.2,42668,41823,84511,102,21,45008,43843,88871,102.7,21.8,45150,43903,89073,102.8,16.2,45513,43884,89409,103.7,12.6,47965,46643,94631,102.8,20.6,25192,24542,49734,102.6,17.5,25659,25277,50936,101.5,18.9,32924,32808,65731,100.4,16.5,34031,34013,68044,100.1,12.6,33472,32968,66440,101.5,16.7,32876,28563,61440,115.1,13.8,36647,27595,64242,132.8,11.1,39380,32952,72332,119.5,11.7,46278,27705,73983,167,10.5
Chisamba,69782,64619,134371,108,19.5,67498,64096,131590,105.3,18.6,68665,64425,133069,106.6,14.7,69810,65957,135754,105.8,18.4,70091,66079,136153,106.1,27.2,71602,66857,138426,107.1,19.4,65834,63461,129296,103.7,17.7,53334,54067,107402,98.6,19.6,190512,193439,383952,98.5,16.5,192934,195623,388557,98.6,17.2,179651,179636,359287,100,19.5,200566,199729,400295,100.4,17.9,235281,197258,432538,119.3,14.6,249443,211685,461128,117.8,12.3,245007,184189,429196,133,13.9
Chitambo,60206,53830,113974,111.8,20.7,59009,52811,111762,111.7,23.1,58243,52139,110310,111.7,17.3,58014,52207,110151,111.1,17.6,60815,54380,115111,111.8,19.8,60648,53659,114206,113,18.2,51151,47880,99033,106.8,21.2,41440,39577,81016,104.7,21.7,68791,66503,135293,103.4,22.7,73056,70325,143382,103.9,22,73629,70894,144524,103.9,12.4,70410,64749,135159,108.7,12.5,75221,56581,131801,132.9,12.2,60738,60791,121529,99.9,13.5,70895,61882,132777,114.6,15.2
Itezhi,43316,42961,86309,100.8,21,38253,37439,75709,102.2,21.2,53334,51972,105329,102.6,18.4,45577,45721,91349,99.7,17.8,46149,45840,92033,100.7,18.7,44235,43929,88208,100.7,21.3,20360,19571,39932,104,19.2,20241,19974,40215,101.3,20.6,29049,28792,57841,100.9,17.6,29248,28758,58006,101.7,18.6,28260,27756,56016,101.8,17.2,25545,27201,52746,93.9,18.8,25659,26793,52452,95.8,19.4,23434,24550,47984,95.5,17.2,24982,25295,50278,98.8,16.3
Kabwe,52803,49006,101787,107.7,23.1,49714,46484,96183,107,23.5,55486,51725,107187,107.3,21.6,55653,51832,107457,107.4,21.1,55335,51282,106582,107.9,20.3,59616,55077,114651,108.2,19.4,44350,42375,86725,104.7,18.3,44515,43461,87976,102.4,14,59249,57297,116546,103.4,18.9,63523,60957,124480,104.2,18.1,63419,60314,123735,105.1,18.7,55568,63313,118881,87.8,15.9,59391,63821,123211,93.1,13.2,70850,69461,140312,102,15.1,66137,66965,133102,98.8,18
Kapiri,42591,41417,84024,102.8,19.7,42237,41651,83912,101.4,20.4,42807,42237,85075,101.3,19,44118,42191,86312,104.6,19.5,44206,42695,86914,103.5,17,44548,43128,87693,103.3,18.5,30346,29256,59602,103.7,19.1,30536,29815,60351,102.4,18.3,44065,44059,88124,100,19.1,43389,43389,86778,100,21.1,43818,44171,87989,99.2,18.9,42000,44088,86088,95.3,19.6,49292,48189,97481,102.3,20.6,42970,57249,100218,75.1,18.1,50810,62064,112874,81.9,18.2
Luano,137446,131694,269158,104.4,19.1,141379,133944,275310,105.6,17.9,137803,133181,271022,103.5,19.4,140914,136148,277105,103.5,19.5,140867,135884,276789,103.7,19.9,140742,135993,276781,103.5,17.6,201221,197060,398281,102.1,15.4,201307,205472,406780,98,16.5,211093,212738,423833,99.2,16.1,216005,218161,434166,99,18.3,224715,227941,452653,98.6,16.1,198131,240006,438137,82.6,16.1,173049,280501,453550,61.7,16.6,193811,324155,517966,59.8,15.3,183036,379280,562316,48.3,14.1
Mkushi,122531,118409,240975,103.5,21.7,127833,123868,251737,103.2,19.8,126610,124599,251291,101.6,17.6,129455,125486,254990,103.2,18.8,128250,126309,254653,101.5,20.3,130200,128869,259187,101,15.9,141854,142560,284411,99.5,17.7,141091,148331,289423,95.1,17.7,114776,122481,237260,93.7,22.6,114096,122696,236790,93,22.7,103809,112719,216523,92.1,19.8,106586,104499,211085,102,18.3,126712,90743,217455,139.6,18,115151,88686,203837,129.8,20.3,93894,75175,169069,124.9,17.4
Mumbwa,56816,49652,106389,114.4,17.1,60841,52870,113624,115.1,17.4,58000,50706,108609,114.4,16.8,56265,50119,106306,112.3,16.5,55712,49486,105113,112.6,17.5,56719,49941,106560,113.6,18.2,60035,57655,117690,104.1,20.7,61388,59607,120995,103,15.6,49106,49562,98669,99.1,16.6,49734,50112,99846,99.2,15.7,49438,48857,98296,101.2,12.4,44079,56536,100615,78,14.3,51664,50947,102611,101.4,12.4,60011,57840,117851,103.8,12.8,71770,63278,135048,113.4,12.9
Ngabwe,43630,46069,89782,94.7,21.8,51690,55382,107176,93.3,23.8,49404,52878,102404,93.4,21.7,46244,49250,95612,93.9,23.4,46289,49800,96222,93,22.7,47075,50721,97940,92.8,19.6,34821,36713,71532,94.8,21.2,30379,32089,62468,94.7,15.9,28787,30086,58873,95.7,22.4,29827,31041,60868,96.1,20.1,30421,32116,62536,94.7,18.8,25278,30026,55304,84.2,16.3,30278,32134,62412,94.2,17.9,28160,26912,55072,104.6,19.9,31786,30207,61993,105.2,22
Serenje,42024,38275,80269,109.8,20.8,45286,41624,86884,108.8,19.4,41759,37680,79393,110.8,18.2,42149,38082,80184,110.7,19,43283,39904,83156,108.5,17.9,44698,41439,86108,107.9,11.8,16097,16395,32491,98.2,15.8,16423,16653,33075,98.6,15.6,19253,19215,38468,100.2,15.9,17842,18030,35873,99,17.3,20315,20295,40611,100.1,16.9,21141,23801,44943,88.8,20.1,24391,26898,51289,90.7,21.2,23040,27826,50866,82.8,24.4,24373,31563,55936,77.2,23.6
Chililabombwe,48524,46907,95445,103.4,21.9,53624,52606,106255,101.9,21.2,50049,49200,99281,101.7,18.3,49218,48190,97437,102.1,21.8,49896,48945,98874,101.9,21,51972,50741,102743,102.4,17.9,50372,49318,99690,102.1,17.6,49674,49890,99564,99.6,14.1,37509,38395,75904,97.7,19.1,39545,40207,79753,98.4,19.8,37535,38966,76500,96.3,20.3,43250,33554,76804,128.9,19.8,36113,39259,75372,92,20.8,43183,42924,86107,100.6,23.3,45882,34489,80371,133,22.7
Chingola,74232,71766,146020,103.4,20.7,75768,74932,150746,101.1,19.5,77546,75799,153385,102.3,18.7,77712,75815,153566,102.5,19,79507,77110,156648,103.1,16.9,80698,78025,158752,103.4,18,87664,88104,175766,99.5,22.9,89266,91133,180400,98,24.2,66152,68244,134397,96.9,22.1,62935,65566,128501,96,23.6,64211,67177,131386,95.6,25.9,57549,70912,128462,81.2,26.6,52703,66533,119236,79.2,23.9,47715,66268,113983,72,28.1,44954,70425,115379,63.8,29.1
Kalulushi,43986,38962,82896,112.9,18.5,46653,41466,88067,112.5,18.9,44057,40338,84360,109.2,16.3,43918,40222,84103,109.2,16.7,44409,40732,85103,109,15.9,45573,41472,86998,109.9,17.5,16063,15492,31555,103.7,15,16299,15943,32242,102.2,12.8,17257,17093,34350,101,18,16584,16259,32843,102,16.6,19407,18645,38052,104.1,13.7,19169,16050,35219,119.4,13.2,17728,16834,34561,105.3,11.7,15971,16000,31971,99.8,11.9,15663,18524,34187,84.6,13.7
Kitwe,38866,36995,75862,105.1,17.9,39620,37010,76617,107.1,21,40724,38093,78801,106.9,17.2,42190,38404,80554,109.9,18.3,42039,37520,79499,112,16.8,42114,38066,80130,110.6,19.3,10831,10399,21230,104.2,20.3,10825,11000,21825,98.4,11.1,15320,15368,30688,99.7,19.6,14913,15185,30098,98.2,19.8,15285,14888,30174,102.7,19.6,16561,17209,33770,96.2,17.5,18490,17485,35975,105.7,20.8,17083,19070,36153,89.6,17.1,18445,19753,38198,93.4,18.1
Luanshya,64710,61960,126678,104.4,22.3,64470,62080,126561,103.9,21.4,66665,64099,130776,104,18.7,65935,63112,129054,104.5,19.4,66910,64336,131260,104,17.8,67830,65629,133483,103.4,13.8,72502,74562,147062,97.2,16.5,74555,77870,152426,95.7,21.6,64172,66097,130270,97.1,23.8,70707,71693,142400,98.6,22.4,55689,58787,114474,94.7,24.8,53599,49420,103019,108.5,22.3,56680,54562,111242,103.9,18.7,59622,58287,117909,102.3,22.3,53588,66710,120298,80.3,23.9
Lufwanyama,60165,58561,118751,102.7,22.1,65434,64817,130293,101,18.9,61902,60354,122284,102.6,18,62391,60550,122966,103,21,62052,60851,122943,102,20.7,64022,62826,126893,101.9,16.2,67259,66805,134063,100.7,15.5,67414,67950,135364,99.2,20,52625,52200,104825,100.8,21.4,52570,53436,106007,98.4,25.7,54014,55226,109239,97.8,25.6,61676,48350,110026,127.6,27.7,63336,39603,102938,159.9,27.4,54555,39454,94008,138.3,23.6,50466,42311,92776,119.3,22.6
Masaiti,106509,105977,212570,100.5,21.9,108136,108828,217062,99.4,22.1,111868,113226,225233,98.8,21.7,114843,114739,229703,100.1,19.2,115926,115986,232040,99.9,20.8,116393,115976,232493,100.4,20.3,312128,302595,614725,103.2,22.2,316142,316635,632778,99.8,17,224485,223254,447739,100.6,19.1,224154,220310,444464,101.7,18.7,259816,255170,514989,101.8,16.6,285475,231901,517376,123.1,16.2,292392,237210,529602,123.3,15.3,293680,280556,574236,104.7,12.5,274971,323170,598141,85.1,10.7
Mpongwe,56344,54430,110790,103.5,20.9,53200,50318,103512,105.7,20.5,51258,48867,100125,104.9,19.5,59080,56566,115653,104.4,22,60458,57993,118460,104.3,19.4,61645,58897,120546,104.7,20.2,54279,52517,106796,103.4,20,54821,53899,108720,101.7,19.9,38126,37930,76056,100.5,19,36918,36791,73710,100.3,22.6,37548,37231,74779,100.9,20.5,44575,33153,77728,134.5,21.8,49106,30186,79291,162.7,21.5,49917,24459,74376,204.1,23.1,55644,21447,77091,259.5,24.8
Mufulira,64628,63088,127746,102.4,19.6,62550,61055,123629,102.4,19.4,62319,60734,123081,102.6,19,63988,62032,126044,103.2,18.5,64674,62874,127576,102.9,15.8,64584,62087,126684,104,20,87809,86220,174029,101.8,20.1,89424,87924,177348,101.7,18.7,58395,57593,115987,101.4,23.2,61299,61444,122743,99.8,19.1,57954,58449,116403,99.2,22.3,58279,48547,106826,120,19.3,53361,38982,92343,136.9,20.8,51838,40310,92148,128.6,17.6,52245,44527,96772,117.3,15
Ndola,46412,45132,91562,102.8,28.2,46707,43971,90670,106.2,21,38988,36647,75624,106.4,22.7,47290,44700,91982,105.8,21.9,47785,44758,92525,106.8,22.3,48470,45523,93978,106.5,18,35132,32399,67533,108.4,18.6,34817,32258,67074,107.9,20.3,20590,19434,40024,105.9,19.3,20788,19625,40414,105.9,16.4,20108,19490,39598,103.2,14.7,20978,20012,40990,104.8,15,22013,22025,44038,99.9,13.8,22695,22655,45351,100.2,16.2,19460,26446,45906,73.6,13.9
Chadiza,66235,63009,129245,105.1,25.5,68010,65550,133574,103.8,23.7,68367,65318,133688,104.7,22,68943,65746,134690,104.9,18.7,70294,66867,137157,105.1,21.8,70278,66911,137188,105,19.7,80272,79377,159649,101.1,18.7,79726,79660,159385,100.1,13.8,59300,58362,117662,101.6,16.6,58504,58506,117010,100,18.4,62296,63213,125508,98.6,18.3,69790,69784,139574,100,20.6,66534,65635,132169,101.4,16.9,67972,58817,126789,115.6,18.1,64298,59526,123824,108,21.7
Chipata,49591,46670,96252,106.3,20.9,41506,38577,80066,107.6,21.2,47098,44209,91293,106.5,23.5,50952,48552,99504,104.9,21.8,54475,51816,106288,105.1,20.9,52285,49384,101659,105.9,21.4,35010,31853,66865,109.9,20.3,34749,31841,66590,109.1,19.5,20539,19071,39610,107.7,13.8,20948,19583,40531,107,20.6,22022,21218,43241,103.8,19.8,21165,18670,39835,113.4,16.7,17169,22261,39430,77.1,16.2,16904,20727,37632,81.6,17.2,14662,22448,37110,65.3,15.6
Katete,41033,38599,79624,106.3,16.7,41793,39800,81593,105,19,42668,40498,83163,105.4,18.8,43264,41993,85275,103,13.2,44521,42869,87399,103.9,17,44427,42707,87144,104,17.8,38194,37147,75341,102.8,17.6,38860,38676,77536,100.5,16.6,24227,24126,48353,100.4,18,23440,23554,46994,99.5,21,31609,31746,63355,99.6,20.8,35425,31973,67398,110.8,24.8,42409,32280,74689,131.4,29.7,35134,38205,73339,92,34.3,32801,38003,70803,86.3,27.6
Lundazi,41969,40572,82553,103.4,25.3,43044,42219,85284,102,23,46980,45889,92892,102.4,20.7,43539,42520,86083,102.4,22.6,43165,41446,84618,104.1,20.6,44221,42110,86331,105,13.6,37003,39477,76477,93.7,15.6,36934,40218,77153,91.8,22.4,25479,26535,52015,96,21,26931,28405,55337,94.8,20.2,22639,24032,46670,94.2,19.3,18888,24105,42992,78.4,16.9,20444,19342,39786,105.7,15.8,23689,18886,42575,125.4,13.6,24151,16363,40515,147.6,10.9
Mambwe,71450,68546,140007,104.2,23.2,72180,69398,141588,104,20.2,73824,71421,145268,103.4,19,74215,70843,145061,104.8,19.8,74439,71535,145987,104.1,18.1,75588,71986,147574,105,21.1,76955,73191,150147,105.1,23.2,79804,79131,158935,100.9,23.7,50595,49190,99785,102.9,22.2,53477,53109,106586,100.7,23.1,51587,50813,102400,101.5,20.4,59700,45278,104977,131.9,19.6,53372,46390,99762,115.1,19.9,58042,45467,103509,127.7,16.5,59269,48317,107586,122.7,14.8
Nyimba,51081,48438,99517,105.5,18.2,52236,50893,103149,102.6,17.9,53424,51692,105132,103.4,22.1,53967,52451,106441,102.9,19.3,54754,52477,107238,104.3,19.5,52235,50382,102632,103.7,19.3,60001,62068,122067,96.7,17.3,60295,63874,124170,94.4,15.4,43269,46096,89367,93.9,17.4,45386,47922,93308,94.7,12.4,38210,41410,79617,92.3,19.6,32147,35327,67475,91,19.1,35018,32590,67608,107.5,20.2,40217,26346,66563,152.6,17.2,36830,25577,62408,144,16.9
Petauke,44867,41700,86550,107.6,23.1,45696,42100,87772,108.5,20.5,46953,43716,90647,107.4,19.5,47139,43850,90965,107.5,18.6,48379,44879,93229,107.8,22.2,49210,45415,94589,108.4,25.7,29611,28153,57764,105.2,23.1,29737,28182,57918,105.5,22.9,21461,20060,41521,107,18.9,24993,24217,49210,103.2,18.1,22795,21751,44546,104.8,18.7,22998,22210,45208,103.6,17.5,19935,25080,45015,79.5,17.7,19911,22531,42442,88.4,19.5,19892,20301,40193,98,21.8
Sinda,46877,45897,92798,102.1,25.1,47691,45677,93373,104.4,20.9,43911,42057,85973,104.4,19.4,48584,46761,95356,103.9,20.6,49001,47556,96577,103,18.7,49737,48041,97794,103.5,22.5,34910,32288,67199,108.1,23,34772,33384,68155,104.2,18.4,22443,21548,43990,104.2,21.2,24078,24057,48135,100.1,23.7,24255,24208,48463,100.2,23.3,28232,26483,54715,106.6,21.8,26225,29492,55717,88.9,23.2,27132,25951,53084,104.6,24.7,27479,21502,48981,127.8,24.3
Vubwi,83508,81282,164824,102.7,22.1,84721,83209,167972,101.8,20.3,91024,87040,178069,104.6,23,88875,86002,174907,103.3,21.9,89349,87006,176398,102.7,20,92905,90558,183513,102.6,23.2,101456,100308,201763,101.1,19.7,101386,102719,204105,98.7,20.7,61829,62200,124029,99.4,23.6,67450,69301,136751,97.3,19.6,71746,74039,145784,96.9,20,71760,80168,151928,89.5,18.7,80579,92498,173077,87.1,17.3,91226,108338,199564,84.2,16.9,73058,91706,164764,79.7,15
Chilanga,39262,37358,76621,105.1,19.3,40044,38649,78701,103.6,20.2,41564,39172,80727,106.1,19,41392,39070,80453,105.9,18.7,41508,39270,80770,105.7,15.5,42314,39919,82223,106,10.9,39941,39287,79228,101.7,15,38917,38045,76962,102.3,15.9,39040,39384,78424,99.1,18.8,39520,39049,78569,101.2,17.7,40754,40597,81351,100.4,18.3,46524,41900,88424,111,17.3,54068,46751,100819,115.7,19.3,64557,50394,114952,128.1,21.9,56918,41369,98287,137.6,24
Chirundu,41723,38091,79785,109.5,18.4,43345,38834,82137,111.6,21.2,44064,40065,84088,110,18.8,43897,40288,84150,109,20,44647,41206,85821,108.3,19.7,45958,41839,87749,109.8,20.2,30223,29491,59714,102.5,17.8,30029,30017,60047,100,20.1,34387,34904,69291,98.5,21.8,34115,34323,68439,99.4,27.8,32550,32630,65180,99.8,23.3,30169,35643,65813,84.6,22.7,32508,29253,61761,111.1,19.6,33079,30747,63826,107.6,16.9,36354,27886,64240,130.4,19.4
Chongwe,68976,65286,134256,105.7,16.9,70717,66503,137205,106.3,22.8,72297,68143,140423,106.1,17.6,72625,68558,141169,105.9,18.5,73523,69672,143185,105.5,17.8,74485,71308,145801,104.5,18.3,74706,72935,147641,102.4,18,75411,74447,149858,101.3,15.6,74552,73697,148248,101.2,13.5,72687,72264,144951,100.6,18.4,71591,71303,142894,100.4,16.9,62110,84182,146292,73.8,13.7,69080,90774,159854,76.1,11.8,58136,102480,160616,56.7,11.6,60655,112231,172886,54,11.4
Kafue,52065,48359,100403,107.7,16.2,52059,48619,100661,107.1,12,52813,49667,102465,106.3,15.8,53526,50534,104050,105.9,18.4,54076,51129,105195,105.8,15.3,54833,52506,107345,104.4,15.3,47968,45428,93397,105.6,14.9,47793,45161,92953,105.8,13.5,51881,50619,102500,102.5,14.9,52210,50859,103069,102.7,12.8,47997,47388,95386,101.3,16.7,46462,38863,85325,119.6,17.1,39956,33855,73811,118,18.5,32659,34539,67199,94.6,22.1,38938,40308,79246,96.6,23.2
Luangwa,71730,68586,140323,104.6,27.8,72248,69848,142113,103.4,18.6,71200,67497,138688,105.5,23.9,71999,68907,140913,104.5,24.8,73006,69471,142474,105.1,24.6,74442,70697,145134,105.3,26.3,63430,61689,125119,102.8,25.2,63584,63413,126997,100.3,24.8,130569,131958,262528,98.9,22.7,132500,131576,264077,100.7,23.5,138170,137674,275845,100.4,24.2,143106,126285,269390,113.3,20.2,149070,124938,274008,119.3,17.6,161950,142050,304000,114,19.5,150641,156471,307112,96.3,18.4
Lusaka,48565,45693,94249,106.3,27.2,48846,46523,95369,105,21.1,49202,47155,96362,104.3,23.5,50491,47848,98333,105.5,24.4,50532,48077,98607,105.1,19.1,52072,49452,101520,105.3,24.2,53890,52071,105961,103.5,22.3,54799,53572,108370,102.3,15.9,56347,54998,111345,102.5,20.9,57052,56055,113107,101.8,22.2,49808,48993,98802,101.7,17.9,43877,43893,87770,100,17.1,37216,45171,82387,82.4,15.7,31980,52355,84335,61.1,13.7,38147,49783,87930,76.6,13.8
Rufunsa,45879,43845,89728,104.6,20.9,46632,44890,91530,103.9,19.9,49258,46755,96008,105.4,28.1,49039,47156,96205,104,16.6,50616,48564,99188,104.2,18.8,51481,49350,100839,104.3,17.8,24668,25088,49756,98.3,19.5,25209,25559,50767,98.6,19.1,26418,26239,52658,100.7,20.6,26722,26659,53381,100.2,20.5,23119,23031,46151,100.4,18.8,19554,20736,40290,94.3,18.2,20752,20745,41496,100,19.4,19614,24788,44402,79.1,17.9,18915,29510,48425,64.1,16.5
Shibuyunji,38654,37734,76406,102.4,15.2,38164,38325,76523,99.6,19.3,39523,39365,78924,100.4,16.5,40174,39274,79470,102.3,16,44318,42902,87235,103.3,19.1,42093,41059,83175,102.5,20.7,18123,17899,36022,101.2,21.6,18191,18218,36409,99.9,19.8,19245,19274,38519,99.9,19.2,19110,19122,38231,99.9,18.2,17537,17462,34999,100.4,19.9,14898,18727,33626,79.6,23.9,17019,17654,34672,96.4,25.2,17912,19872,37784,90.1,27.4,15177,20485,35662,74.1,24.1
Chembe,44191,44208,88438,100,22.1,44862,44626,89520,100.5,18.4,45647,45329,91014,100.7,18,46251,45707,91996,101.2,18.9,47156,46207,93393,102.1,18.3,48513,47973,96529,101.1,19.3,19871,20162,40032,98.6,18.1,20207,20830,41037,97,22.6,17181,17473,34654,98.3,19.4,17381,18022,35403,96.4,17.8,17447,17663,35110,98.8,17.6,16251,16120,32371,100.8,14.3,13111,16234,29345,80.8,17,10795,16609,27404,65,19,9870,19882,29752,49.6,17.7
Chienge,45749,43132,88875,106.1,19.5,46372,43244,89601,107.2,20,47251,43696,90919,108.1,17.6,47497,44443,91922,106.9,16.8,50903,47897,98785,106.3,17.1,48164,45299,93449,106.3,13.2,56005,54088,110093,103.5,14.9,55970,54585,110555,102.5,14.7,50231,49359,99591,101.8,19.2,51345,50087,101432,102.5,15.6,49516,48123,97640,102.9,19.8,41502,52584,94086,78.9,22.9,46480,47181,93662,98.5,20.5,46726,56442,103167,82.8,18.4,43100,55627,98727,77.5,20.7
Chifunabuli,69454,65596,135042,105.9,20.1,67792,63091,130857,107.5,20.8,71984,67077,139029,107.3,19.5,72715,68038,140724,106.9,18.1,74718,68937,143602,108.4,16.1,76357,70161,146455,108.8,17.1,91749,89408,181157,102.6,18,93096,92563,185659,100.6,18.1,86496,85278,171774,101.4,18.4,87701,87432,175134,100.3,19,84150,83384,167534,100.9,20.7,99309,79972,179282,124.2,20.1,98410,92248,190658,106.7,18.4,98251,96108,194359,102.2,20,82404,82479,164883,99.9,19.9
Chipili,40322,37127,77427,108.6,17.9,38697,35747,74425,108.3,18.3,39905,37213,77101,107.2,18.6,40098,37272,77349,107.6,20.5,41417,38862,80265,106.6,21.9,41089,38521,79595,106.7,22.4,24835,23996,48831,103.5,17.6,25468,24388,49855,104.4,22.9,23145,22402,45546,103.3,20.4,18959,18324,37283,103.5,25.5,21672,21166,42838,102.4,20.9,20045,17459,37504,114.8,22.7,22825,16121,38946,141.6,18.2,25150,13315,38465,188.9,19,25727,11500,37227,223.7,20.2
Kawambwa,55578,51698,107256,107.5,23.6,55989,52176,108145,107.3,21.1,57604,53591,111167,107.5,16.3,57635,53076,110670,108.6,22.4,55635,51282,106876,108.5,15.2,59054,54494,113504,108.4,17.1,67315,66114,133429,101.8,16.9,67594,67883,135477,99.6,24.8,55036,54102,109138,101.7,21.2,55726,54889,110615,101.5,21.3,56013,55174,111187,101.5,19.1,64180,64476,128655,99.5,22.6,65410,70389,135799,92.9,27.1,68375,70692,139067,96.7,29.6,64567,64091,128657,100.7,33.2
Lunga,45783,42552,88317,107.6,22.5,47931,44679,92593,107.3,22.5,48883,45142,93994,108.3,24.2,49438,46320,95740,106.7,20.8,50232,46855,97063,107.2,26,51616,48176,99768,107.1,24.2,47923,45796,93720,104.6,21.7,48558,47042,95600,103.2,21.5,43142,42208,85350,102.2,22.8,41182,40249,81431,102.3,19.2,39436,37900,77338,104.1,22.9,38504,37016,75520,104,26.1,40417,41631,82048,97.1,25.8,41454,35389,76843,117.1,26.8,49611,36481,86092,136,24.9
Mansa,39242,39087,78361,100.4,16.5,39839,40296,80174,98.9,19.5,39953,40192,80189,99.4,17.2,41158,41315,82521,99.6,16.5,42480,42455,84980,100.1,17.8,42840,43067,85962,99.5,17.8,45530,43600,89131,104.4,19.3,46148,45972,92120,100.4,17,39480,38776,78255,101.8,18.2,42113,42054,84168,100.1,17.3,40864,40279,81143,101.5,19.7,32910,45084,77993,73,20.3,34787,53464,88252,65.1,23.9,38145,48633,86778,78.4,21.7,41012,54994,96006,74.6,26
Milenge,59639,54628,114229,109.2,22.6,60896,54622,115460,111.5,23.3,59486,54830,114276,108.5,16.6,62769,57620,120340,108.9,16.3,64618,59068,123626,109.4,20,66022,60784,126754,108.6,20.2,72079,68410,140490,105.4,17.5,72798,69707,142504,104.4,18.1,59266,56942,116207,104.1,21.5,62054,59295,121350,104.7,19.3,61433,58988,120423,104.1,16.1,61214,57888,119102,105.7,13,55772,49615,105386,112.4,13.1,59088,52712,111800,112.1,12.3,52948,56953,109902,93,11.2
Mwansabombwe,84902,79131,164004,107.3,18.5,86785,81642,168409,106.3,17.6,88948,83795,172721,106.1,19,92117,86377,178463,106.6,18.3,92578,87534,180095,105.8,17.3,93268,88129,181379,105.8,18.1,69864,66404,136269,105.2,18.2,70129,68232,138360,102.8,16.6,160558,158476,319033,101.3,15.5,160665,158832,319497,101.2,15.9,155377,153693,309071,101.1,16.4,128447,160979,289426,79.8,14.5,149274,157528,306803,94.8,16.3,120021,151048,271069,79.5,17.1,116905,134496,251401,86.9,18.3
Mwense,65661,61095,126732,107.5,23,61101,57941,119037,105.5,23.2,68304,63819,132096,107,21.2,68888,63797,132643,108,18.8,69727,64797,134485,107.6,20.2,71666,66619,138245,107.6,19,88510,85239,173750,103.8,18.2,91339,87868,179206,103.9,20.8,73029,70299,143327,103.9,19.4,75196,72508,147704,103.7,20.2,77906,74520,152428,104.5,20.5,69286,86684,155970,79.9,22.8,63232,101520,164753,62.3,24.1,62957,96802,159759,65,27.9,58309,112958,171267,51.6,30.4
Nchelenge,61963,58977,120941,105.1,22.7,63329,59230,122540,106.9,21.3,68985,65525,134504,105.3,20.1,66087,62223,128293,106.2,20.4,66246,63201,129449,104.8,23.7,68413,64991,133400,105.3,24.6,79048,78051,157098,101.3,24.4,80807,80572,161379,100.3,18.7,81911,81567,163478,100.4,20.1,81550,80818,162367,100.9,22.4,81722,80505,162228,101.5,19.4,81763,70190,151954,116.5,22,69739,57557,127297,121.2,25.6,79001,65478,144479,120.7,30.1,78290,69947,148236,111.9,32.3
Samfya,52557,49870,102426,105.4,18.9,53644,51171,104816,104.8,19.4,50459,48867,99342,103.3,17.2,54338,52141,106488,104.2,17.7,55076,52931,108017,104.1,18.7,55054,52689,107748,104.5,18.2,68383,66872,135255,102.3,18,69306,68997,138304,100.4,19.6,61195,60509,121704,101.1,12.9,59989,58834,118823,102,16,60316,59372,119689,101.6,15.2,64217,61357,125574,104.7,17.6,65716,64862,130579,101.3,17.7,58696,64891,123587,90.5,15,54388,54232,108619,100.3,14.4
Chama,53131,49864,102983,106.6,17.8,54102,50457,104541,107.2,18.8,55868,52772,108629,105.9,16.4,56458,53491,109942,105.5,16.6,57131,54567,111701,104.7,20.1,58741,55824,114561,105.2,20.6,58821,57242,116064,102.8,19.8,60881,57907,118787,105.1,19.8,59867,57145,117011,104.8,16,60854,57961,118815,105,18.4,61186,58969,120156,103.8,20,59417,52603,112019,113,22.2,49048,53876,102925,91,21.7,48659,48973,97632,99.4,17.9,44180,40980,85159,107.8,15.1
Chinsali,43774,40176,83924,109,18.7,43864,41010,84860,107,24.6,45064,41631,86667,108.2,19.4,45831,41776,87565,109.7,19.3,47708,43837,91507,108.8,17.1,48050,43752,91753,109.8,23.2,35210,33492,68703,105.1,21.6,36236,34510,70745,105,20.5,30377,29046,59423,104.6,21.4,30716,29371,60087,104.6,25.9,31012,29510,60523,105.1,17.7,31506,32908,64414,95.7,16.4,33228,33203,66431,100.1,17.5,35994,31242,67236,115.2,19,31786,29832,61617,106.6,17.6
Isoka,47198,44934,92133,105,26.3,48402,45723,94119,105.9,23.9,50237,47581,97811,105.6,21.6,50511,47479,97976,106.4,23.8,51644,48765,100398,105.9,23.2,52933,49975,102896,105.9,18.3,49704,48828,98532,101.8,17.9,51273,50723,101996,101.1,22.2,50680,49951,100631,101.5,20.7,51387,50356,101743,102,20.8,49360,47934,97295,103,20.2,53407,40728,94135,131.1,22.3,58185,46204,104390,125.9,18.1,52587,43979,96565,119.6,16.1,46290,51781,98071,89.4,17.8
Kanchibiya,43692,40928,84609,106.8,23.4,44158,40481,84611,109.1,25.7,45432,42704,88123,106.4,22.9,46664,43172,89807,108.1,27.1,47827,43650,91431,109.6,22.4,49011,44397,93352,110.4,28.9,27986,26961,54946,103.8,20.8,28103,27529,55632,102.1,20,29904,28378,58281,105.4,18.3,27670,26223,53893,105.5,18.7,26429,25039,51470,105.6,21.2,27443,30018,57460,91.4,19.6,23001,35855,58856,64.1,21.1,18508,34629,53137,53.4,24.7,21629,37207,58836,58.1,24.1
Lavushimanda,63446,59201,122627,107.2,21.3,64258,57769,121969,111.2,20.5,65735,61467,127176,106.9,18.9,66362,62190,128529,106.7,18.8,66561,63635,130200,104.6,19.4,67125,63946,131071,105,17.3,80762,76290,157053,105.9,16.5,81449,77994,159442,104.4,28.5,171521,169964,341485,100.9,18.1,178953,177651,356604,100.7,17.7,178619,177433,356053,100.7,19.2,151514,180972,332486,83.7,20.8,157444,201793,359237,78,24.7,155364,180346,335710,86.1,24,157749,148058,305807,106.5,19.4
Mafinga,42755,40974,83736,104.3,23.8,42422,39846,82258,106.5,23.7,43821,42357,86190,103.5,21.1,44420,42731,87161,104,21.1,45401,43316,88718,104.8,21.6,45858,43657,89515,105,19.4,39574,37125,76700,106.6,17.8,40381,38271,78651,105.5,20.5,38803,36088,74890,107.5,16.7,41585,39418,81003,105.5,16.2,34166,32402,66570,105.4,20.3,33120,38339,71459,86.4,21.3,27423,33736,61159,81.3,18,22203,38196,60399,58.1,15.9,24278,41558,65836,58.4,13.2
Mpika,47848,45765,93618,104.5,25,56009,53677,109691,104.3,20.9,50737,48241,98975,105.2,22.7,50801,48025,98817,105.8,21,49036,46962,96003,104.4,23.2,49659,48061,97738,103.3,22.9,53645,55370,109013,96.9,22,53593,55880,109474,95.9,20.8,72014,73671,145686,97.8,20.7,71109,72592,143701,98,19.4,84052,86101,170152,97.6,19.7,76981,86774,163754,88.7,21,89526,73205,162730,122.3,22.5,92109,79666,171775,115.6,21.7,81753,64701,146454,126.4,24
Nakonde,48347,46630,94988,103.7,20.2,48320,47449,95793,101.8,20.2,49063,47661,96743,102.9,17.3,49039,48783,97868,100.5,16.3,46534,46267,92846,100.6,18.2,50406,50796,101270,99.2,20.3,48836,49262,98097,99.1,18.7,50406,52086,102492,96.8,19.7,60357,60746,121103,99.4,14.9,61978,63778,125756,97.2,14.5,72778,74663,147440,97.5,18.4,82449,75266,157714,109.5,15.8,93822,69412,163233,135.2,16,88599,79898,168497,110.9,16.7,77730,85793,163524,90.6,18.6
Shiwang,62564,58099,120639,107.7,15.4,63534,59263,122775,107.2,20.2,61368,57029,118366,107.6,22.9,63919,60419,124327,105.8,22,64646,62180,126838,104,19.3,64492,62215,126726,103.7,18.4,66046,65089,131134,101.5,17.6,67110,68648,135759,97.8,15.5,89076,90147,179224,98.8,22.4,90143,91730,181873,98.3,20.7,99545,100229,199774,99.3,21.9,100275,96374,196648,104,18.3,111384,106799,218184,104.3,19.5,96675,121547,218223,79.5,21.8,108837,100961,209797,107.8,25.1
Chilubi,57820,56859,114713,101.7,15.3,58353,58840,117248,99.2,18,57674,56423,114127,102.2,19.3,58516,57752,116313,101.3,15.8,58180,58020,116259,100.3,1.1,59509,58952,118516,100.9,15.1,88310,86075,174385,102.6,16.3,90550,91099,181650,99.4,19.2,211246,215080,426327,98.2,16.8,207940,212117,420057,98,15.8,233613,240087,473696,97.3,18.1,241507,218029,459536,110.8,20.2,211111,188580,399691,111.9,16.8,169912,159274,329185,106.7,19.7,147093,144232,291325,102,17.4
Kaputa,46597,43132,89708,108,20,47992,44447,92418,108,21.2,46001,41957,87919,109.6,18.3,49224,45062,94245,109.2,18,50616,45820,96379,110.5,18.8,51602,46663,98204,110.6,20,66324,62169,128494,106.7,15.5,66659,63615,130274,104.8,16.7,44800,43011,87811,104.2,17.4,44094,42457,86551,103.9,18.4,43272,41923,85196,103.2,16.7,45394,39375,84769,115.3,18.2,52968,39741,92709,133.3,18,44487,47202,91689,94.2,19.2,47755,38699,86454,123.4,22.4
Kasama,117199,111428,228627,105.2,16.6,116542,111862,228419,104.2,18.8,120576,114625,235193,105.2,17,121939,115872,237804,105.2,17.5,126187,118577,244724,106.4,17.7,127652,120000,247613,106.4,16.1,137602,133688,271290,102.9,18.3,100674,98736,199409,102,15.9,100674,98736,199409,102,18.9,99233,97824,197057,101.4,14.6,98539,98487,197026,100.1,14.3,101475,104508,205984,97.1,15.5,110145,110205,220350,99.9,14.8,130643,117442,248086,111.2,13.7,147729,126443,274172,116.8,16.4
Lunte,52270,49613,101881,105.4,32.7,54020,49584,103572,108.9,20.1,53584,50713,104288,105.7,20.5,54221,50995,105201,106.3,24.1,55670,52317,107970,106.4,17.7,56136,52519,108631,106.9,23.7,61971,60129,122101,103.1,24,61591,61026,122616,100.9,20,40478,39604,80082,102.2,20.2,39839,38587,78427,103.2,18.3,46927,45400,92327,103.4,16.6,55928,50046,105974,111.8,19.9,60466,50240,110706,120.4,23.5,48431,52256,100686,92.7,25.7,55560,45201,100762,122.9,24.1
Luwingu,43364,41575,84945,104.3,24.5,44288,42438,86729,104.4,21.1,45765,43363,89123,105.5,21,45570,43350,88918,105.1,20.3,46303,43670,89962,106,21.3,46855,44221,91065,106,20.9,37437,36512,73949,102.5,19.3,37903,37156,75059,102,23.1,25716,25191,50907,102.1,19.9,22416,21405,43821,104.7,21.3,23450,22849,46300,102.6,19.5,25800,24037,49837,107.3,22.6,23101,19475,42576,118.6,21.7,25920,20819,46739,124.5,24.9,25672,23228,48901,110.5,20.2
Mbala,39029,42070,74380,112.7,18.8,41057,41730,89634,108,22,43042,41024,88032,100.5,21.2,45335,45615,89646,99,16.9,44454,43345,87285,106.4,12,50455,43724,89683,103.3,22.2,24263,23222,53208,99.3,18,27528,25462,48665,99.6,18.3,35381,33935,65288,106.5,16.5,32624,35200,71589,94,13.6,31738,30446,61407,102.2,15.4,33745,28679,64029,108.4,14.4,37386,29196,64222,134.8,11.3,39808,35219,75884,121.5,12.4,45117,28566,76933,166,11.2
Mporoko,69143,64065,128067,101,21,67319,63138,122484,114.1,19.3,62351,61896,121339,103.4,15.5,69617,64882,141671,96.4,19.4,68878,69642,139388,106.6,25.5,72245,69357,135458,99,20.6,69279,62562,116947,108.9,16.9,48370,56743,105101,91.3,21.5,200792,211857,388773,107.2,18,179286,208764,404540,107.4,16.7,181144,161758,383374,107,19.1,184064,205857,367590,102.9,17.1,241688,209759,416163,117,16,265825,229169,421456,112.3,11.1,247471,167798,447324,128,13.6
Mpulungu,59289,51228,110325,115.9,19.4,63920,53450,103940,118.9,24.2,53694,48581,111044,114.1,16.7,54396,47662,114745,107.7,17.9,60555,51037,108416,115.7,21.7,57163,51334,121838,116,18.5,49334,52371,98354,98.9,22.1,38986,43485,82772,112.1,20.9,71371,67538,147205,108.3,24,72597,77055,141754,106.3,20,66371,70833,153450,102.6,12,75451,60403,129977,110.2,12.7,82287,51019,134595,132.1,11.7,65473,66857,115418,103.2,14.4,71731,59025,143096,119.1,14.4
Mungwi,41901,39343,82615,95.1,20,39154,36814,73931,97.5,22,53208,56090,98650,112.2,19.7,43735,42852,90932,102.2,17.7,49700,44415,96777,92.6,17.1,41850,41631,84532,110.1,22.9,19793,17799,39268,95,20.6,19696,19374,41987,100.7,19.9,26908,26735,58538,93,17,31535,30504,53156,110.8,16.9,30623,28221,60789,101.6,15.6,24316,27032,53931,93.7,17.1,24423,29408,51700,103.6,21.3,24798,26537,45813,97.3,16.7,23876,27048,45824,108.2,17.8
Nsama,52160,48853,103832,100.5,25.2,51312,43467,98185,114,25.1,54776,47992,105062,104.5,19.8,56878,52707,104097,116.3,19.4,54149,46167,106540,115.6,22.3,57293,50480,111179,105.4,19.4,47972,43071,87442,97.4,20.1,44513,46890,95132,112.1,14,54208,58066,122943,104,19.5,57970,59834,124596,107.3,18.1,59060,64028,130604,107.2,19.5,58704,65791,125365,93.9,16.4,61992,65109,131591,93.3,13.9,65728,66549,129899,111,14.1,64608,72484,139557,101.6,16
Senga,46255,41328,78964,96.5,21.2,40428,39262,77600,107.3,21.9,46466,39470,78885,106,19,39904,39006,92834,111.6,18.6,47853,44105,91150,101.6,18,44897,42868,90272,113.2,19.9,28113,26736,62902,105.7,20.2,30126,28447,61789,106.9,19.6,44853,42617,87891,107,17.4,40214,40525,87720,102,19.2,45066,45214,90962,94.5,18.3,39351,43426,94458,90.9,18.9,49909,44322,107114,97.3,20.7,45684,57991,96193,80.8,16.7,49751,60090,103005,75.1,19.9
Chavuma,137019,127096,284699,107.1,19.1,135572,143757,283447,114.7,19.6,146994,129677,269684,113.5,18.4,149736,126012,269972,99.9,18.6,131333,126388,268094,103.7,18.7,140814,125684,289634,94.9,17.8,198415,179262,380100,102.3,15.3,182617,205671,445524,100,16.3,214951,199075,456674,97.3,16.5,215747,238522,470160,98,18,218945,246768,494042,96.9,16.9,182383,263728,442767,89.5,16.7,178283,292186,432769,62.3,16.4,176258,317681,563935,58.1,16.1,193796,407421,514609,48.3,15
Ikelenge,131816,113182,235764,95.1,19.9,136565,111601,252234,105.4,19.5,115490,130850,232414,101.6,16.7,127581,135347,255183,96.2,19.2,132713,114588,265824,98.1,21.9,126519,138556,276317,109,15.6,150013,139650,289738,90.6,16.7,129181,149211,296752,97.8,18.8,109562,113742,256670,100.4,22.1,117526,113580,222555,93,21.7,109593,118310,220947,84.7,19.1,108446,104899,221144,99,17.4,122225,90047,230331,135.2,18,106947,90813,213454,138.8,19.2,91507,73897,154469,135.1,18.9
Kabompo,58538,48428,109950,114.2,16.6,58691,57690,124952,122.8,18.5,59971,48275,112256,111.6,17.5,52801,47677,101229,112.4,17.4,60644,46388,105725,105.9,17.1,56427,46130,101301,119.7,16.7,64214,54706,112697,104.2,21.2,61667,54366,130508,95,15.2,53886,46932,106699,91.1,15.1,51121,48717,99494,97.3,14.2,47861,48752,90699,95.6,12.9,44746,61152,97958,72,14.2,52646,54986,106174,110.4,13.6,61977,58589,107970,102.1,12.8,71654,68430,133607,107.8,12.8
Kalumbila,47408,49817,98078,99.7,22.8,47065,52754,107532,93.7,25,53291,55038,97681,84.1,23.3,45816,47219,97505,88,23.1,42726,46687,95367,99,24.2,50616,54954,95315,87,19.3,34225,38829,67775,88,19.8,32728,31232,65765,97.4,17.2,28573,32356,61664,96.2,21.1,30934,31652,64027,93.1,20.9,33432,30599,65417,87.3,18.3,24402,29516,58860,85.3,15.1,27374,32827,57176,89.5,18.1,26985,27083,58639,110.1,18.7,30604,27953,61367,114.7,22
Kasempa,40498,38797,87588,118.7,21.9,42352,45712,89982,107.7,21.1,42059,37920,83469,107.5,18.8,39766,39111,87697,121.7,20,43127,41834,87856,108.5,16.6,43597,44703,84270,105,12.8,15099,17979,35564,94.3,16.9,15056,16130,30316,93.2,15.7,18008,19456,42186,105.7,17.1,17622,17299,34543,98,16.8,20129,19012,42958,96.2,17.4,22005,21943,48682,92.7,18.8,26279,26242,55134,88.3,22.4,24715,30157,55375,80.7,24.4,26245,32836,53813,79.2,22.1
Manyinga,48956,51284,104565,101.8,22.1,57044,56140,116742,97.7,22.4,51381,45752,98935,110.7,17.5,50780,46906,104013,112,19.9,51748,45467,98311,96.9,22,49611,55099,95416,101.4,19.7,52768,47914,90867,93.5,18.4,46311,52413,101028,98.6,14.1,34842,34609,79282,98.2,18.8,38811,42244,81976,88.7,20.7,37477,35988,78816,87,20.2,39406,34404,78645,137.6,21.5,37743,41270,74422,98,21.7,45675,44422,81075,100.9,21.9,43951,32194,74989,125,24.4
Mufumbwe,69251,74002,158870,95.3,18.8,80569,68317,139010,93.7,18.1,74422,70412,154390,100.4,19.5,81434,81568,159258,92.6,18,82695,80152,141374,102,17.7,77387,73368,167900,102.8,19,94382,92645,168162,101.7,20.7,81078,95368,192992,99,23.3,72117,64767,122047,89.2,21.5,60278,70305,133909,90,24.8,66622,63360,137830,100.7,26.7,53606,71534,137041,73.9,25.9,54853,61243,118480,86.9,23,46706,65297,122572,77,29.3,44966,66617,121823,65.4,29.7
Mushindamo,43513,38564,81574,118.2,20.3,42899,38988,84448,115.4,19.6,46659,41796,78124,105.5,17.8,41475,39845,79232,114.7,15.9,43402,40296,84183,107,15.6,48610,42553,95278,111.2,17,17627,15200,29510,113.8,15,15367,14415,29026,94.6,12.3,17159,18091,34934,106,17,17305,17517,32629,103,15.9,17689,17513,36451,107.6,13,17889,17193,33096,111.5,12.5,18131,17151,33609,102.5,11.2,16187,16099,29392,95.2,11.6,15197,17293,33684,84.2,12.9
Mwinilunga,42299,34068,70392,102.8,19.2,38821,37894,69917,116.9,23,43602,37312,80153,115.8,17,44568,37401,81884,106.1,17.3,45136,34132,84819,110,15.4,42950,40697,86863,117.2,20.2,10053,10909,23025,103.9,18.7,10593,11388,23497,103.5,11.5,14544,15092,29268,99.4,18.3,13660,16273,29095,94.1,19.7,16415,14688,27969,110.4,21.2,15810,17362,34470,90.8,15.8,17661,17112,32706,114.4,22.3,16042,20695,33327,92.7,18.4,17038,20907,41617,100.5,16.7
Solwezi,67931,58398,115033,114.1,23.4,58940,66461,125529,96.2,20.3,71314,69552,118665,95,18.7,59566,64706,141668,109.2,17.8,68233,69056,130981,114,17.4,65787,64827,127660,94.6,15.1,79120,72379,136531,93.3,16.3,77660,73438,157528,92.9,22.1,68335,69571,141831,88.7,22.5,67845,74298,129978,106.2,21.2,55095,61812,124074,86.4,24.9,50622,50400,98228,118.9,22.4,54887,59428,101146,102.1,20.3,62778,59189,118747,93.4,22.5,49133,65020,115321,82,26.2
Zambezi,58576,53472,116518,105.6,23.7,69802,70218,130341,102,19.7,63288,65857,131256,110.8,19,65997,57108,111512,97,21,60184,57653,128913,106,22.3,60964,62112,127249,97.9,14.7,68213,73432,141941,103.6,16.5,72742,61501,124515,96.1,22,47485,49608,97744,102.2,20.9,50032,51248,96493,98.9,24.9,56435,49976,105669,102.4,26.4,63838,52654,108719,121.9,27.1,65112,42652,105369,149.1,28.2,53326,39185,95334,133.9,21.5,54996,42508,86113,115.3,23.2
Chikankata,105996,101218,210232,101.2,22.1,115309,109828,213406,93.5,22.1,122557,122860,215606,92.2,22.1,116725,115224,252611,90.3,20.7,115523,120855,249008,101.1,19,113601,115170,251817,101.8,18.8,298774,303987,589858,104.4,23.4,297112,313053,688636,90.5,17,210057,226424,483197,110.1,18.7,232139,239954,456072,104.1,20,265952,248076,526555,99.1,17.9,290375,245748,488836,119.9,17.6,309337,214519,553946,131.7,14.2,281437,269129,589316,114.1,12.1,261235,310570,637143,91.8,10.3
Choma,52263,49762,105777,101.7,20.6,52685,54923,109923,111.6,21.1,51122,53425,102072,97.8,19.1,53700,53602,112022,113.3,20,63750,53583,110251,113.8,20.7,64551,53694,126043,100.4,21.5,54743,56688,106278,106.7,19,58747,52690,114942,97.7,21.2,37710,37938,80406,109.4,20,40562,36581,69850,94.3,21.6,34936,37638,78886,108.9,18.8,45348,30891,83854,123.8,23.6,45135,30966,77604,178.6,21.9,53420,23808,72086,218.4,21.1,54195,22860,84742,278.6,25.8
Gwembe,62087,66995,127193,103.8,18.5,66679,61902,112287,103.2,20.8,60993,61856,135125,109,20,62143,57957,126073,103.1,18.8,68122,59372,119397,93.4,17.2,69162,65351,133206,106,22,90335,79395,185009,93.5,21.1,89982,87791,163377,102.5,18.6,63229,55025,108760,100.1,23.5,58536,66582,124416,92,19.4,58507,59695,110937,106.6,24.3,53357,50003,114442,117,19.6,57438,40905,93539,136.4,22.3,48455,40265,88491,138.9,16.1,48099,46620,94810,127.4,14
Kalomo,49127,41271,85297,102.3,30.1,48551,43763,94166,96.8,19,42253,36012,79934,103.2,22.4,44058,42084,84111,95.3,21.7,52036,47369,84608,116.3,21.8,44146,42503,98381,99.8,19,34205,29581,73509,100.7,20.2,32353,32706,69060,98.1,21.4,20496,19107,42698,114.5,20.1,21737,19992,40108,98.8,15.4,20216,21268,38340,106.6,15.4,21291,19302,41339,108.2,16,20796,22355,45425,98.8,15.2,20655,22016,41139,108.8,17.3,17551,27693,48340,75.9,14.1
Kazungula,69050,64884,138140,108.9,26.3,67650,67113,126500,96.3,24.5,68370,71091,142176,102.8,20,71261,65180,141353,103.9,19.9,63486,69734,124674,108.8,23.6,75747,67366,124322,103,18.6,82068,75697,149709,109.8,19.1,74333,76494,170056,101.2,13.3,54436,54462,115772,92.7,16.5,57881,60012,121939,106,18.6,67726,69241,121586,103,20,69063,75647,149691,96,21.4,70232,62378,143403,94.1,16.5,69851,60964,136847,108.4,17.1,69287,63890,112942,117,23.4
Livingstone,45152,46107,92936,114.8,21.9,39550,35172,85365,109.9,20.6,49858,46044,91384,104.7,24.2,46236,47393,103660,95.7,20.3,50761,54772,112580,115.6,22.3,55565,51221,98687,109.2,20.2,37357,31049,73174,108.6,21.9,35483,33596,63018,115.2,19.5,19905,20558,37618,105.5,15.1,19179,18560,37211,114,20.3,23498,21547,45372,99.1,20.2,21539,18407,39799,109.1,15.9,16238,23189,42436,73.4,15.9,18575,20364,37475,88.2,18.2,14202,23373,38004,62.4,16
Mazabuka,39267,40669,80817,108.4,16.8,40782,36262,80008,106,18,46103,41082,86112,102.5,18.5,42169,42298,83294,110,13.1,41212,44195,78787,111.1,17,43806,43632,89443,111,16.6,35560,37387,80887,106.1,17.7,41592,36227,83811,100.8,17.5,26039,24371,44114,92.9,19,22176,22646,44339,93.9,21,34605,32753,59933,107.2,21,34520,34458,68893,116.4,26,43406,32452,72080,120.5,31,36676,41216,71124,98,35.3,30439,36408,76307,92.8,25
Monze,40913,44429,82611,107.5,26.9,42270,39748,88718,96,22,45537,46685,90937,94.1,20.7,46876,44834,92194,94.5,23.4,38853,41921,89982,98.2,22.5,40022,44740,93195,95,14,35829,42054,70616,90.7,14.7,37185,39430,80215,97.4,23.5,23856,26466,50986,90,20,28548,31015,59491,85.5,21.6,20962,25885,48519,101.7,18.4,17197,23264,39322,80.7,15.5,19752,17596,43408,98.9,15.5,21673,18242,43497,134,13.8,23757,17146,40188,155.7,11.4
Namwala,71403,74184,147744,114,24.8,65651,70014,153107,114,19.9,73709,65005,158415,106.3,18,80904,68403,133891,105,18.7,73825,67563,134311,105.6,18.6,74284,65291,138009,110,20.3,72336,70866,154178,102.7,21.6,79140,72317,172312,103.1,23,47822,51528,100893,101.8,21.4,56298,54451,111791,108.3,23.1,53130,52610,97070,104.4,21.7,59749,46887,96143,142.9,18.4,53523,41813,101453,105.5,21.4,58312,48564,99001,136.5,16.8,60448,48187,114836,133.3,15.6
Pemba,47505,52806,97353,102.2,19.3,55109,49123,96683,94.9,16.2,55168,50202,104316,101.2,23.1,52769,57553,106398,108.4,21.1,52906,49783,114419,113.4,19.3,56379,45969,92445,94,17.4,56000,58058,114645,89.8,15.7,65943,63847,133495,103,16.5,43942,44597,96825,93.9,16.9,40997,44230,85376,97.6,13,40825,41701,81853,93.9,20.3,32658,34876,62811,98,18.3,34699,29420,68862,117,19.1,42755,26586,68671,138,17,37608,23503,68046,158,18.3
Siavonga,42390,41397,91496,107.7,22,46781,39704,88353,107.9,19.4,49895,47359,95159,106.8,19.8,45568,39535,87267,112.3,19.8,49697,48481,98470,112.2,22.3,52324,46808,102957,113.6,26.2,27482,30222,56680,113,24,30360,26226,61502,112.1,24.9,22073,18298,42646,108,19.5,26663,26215,53753,96.5,17.3,23243,19902,44957,95.8,18.4,21711,22340,44164,102.5,17.3,19060,25850,45718,82.4,18.4,18475,23527,38558,95.5,18.7,21799,20783,39856,96,23.2
Sinazongwe,46490,46215,84889,101.7,23.7,46139,45287,90636,111.5,19.7,41463,43974,79645,112.1,19.2,48560,48295,95788,104.4,21.7,44460,51349,105201,107,19.4,46522,47692,89503,103.9,21.9,36344,34738,71166,114.9,22,37952,36100,66421,95.6,17.9,20777,21681,41031,103.5,21.8,24173,25034,52584,97.4,24.2,23002,23194,50945,100.8,24.2,27143,24999,51068,116.3,23.6,26970,31113,53068,80.5,21.9,25404,27356,57272,98.7,24.8,29040,20422,46505,133.2,25.7
Zimba,82152,85483,168091,95.6,24.3,77338,75001,157960,111.1,21.1,85915,81560,195771,106.3,21,86230,91258,183680,104,22.4,81258,86336,181967,94.5,21,87157,91398,169749,98.2,21.7,98887,100850,185325,105.2,19.7,104703,105894,205729,95.4,20.8,62075,61423,121989,101.4,23.3,64689,74006,130200,103.9,21,74349,77983,137961,92.6,21,67019,73475,159776,82.5,18.5,86239,99863,162945,86.6,16.1,100007,118058,184206,90.8,17.9,70694,92093,158772,81.9,16
Kalabo,36483,35933,80397,113.1,19.2,38206,38887,85904,100.9,18.4,37610,38129,77703,96.7,18,41371,41619,87130,100.5,20.2,44907,42383,85421,102.3,16.9,39360,38114,75567,114,11.1,38046,43111,75628,107.8,14,39405,40354,81134,96.4,15,39686,38134,82815,90.6,17.7,37891,35639,74725,95,18.9,39313,40427,80522,101.2,18,47174,44659,88873,115,15.8,53486,44536,96166,107.1,19.2,63357,52015,116454,129.8,22.9,52346,38754,99088,125.4,23
Kaoma,42781,39227,79618,115.7,18.9,45436,42504,89227,112,22.3,40525,40179,92164,113,18.8,45597,41170,79867,103,19,45688,37515,93496,101.4,20.3,50253,37706,86093,109,21.1,31049,31196,62358,109.7,19.5,31844,28819,56972,102,18.9,35974,35039,65565,97.1,21.8,33090,36910,66875,96.1,29.2,34821,32090,70080,103.2,21.7,32878,39073,62192,84.6,23.7,30445,28570,66750,110.3,19.3,36163,30712,63367,110.3,15.9,39422,26068,65690,123.9,20.1
Limulunga,65975,67384,129812,115.5,16.1,70722,65887,127684,99.3,21.8,65791,67053,137664,96.9,17.8,72943,67265,142357,108.5,17.5,76141,65985,146467,96.5,19.1,79040,70775,141025,95.3,17.4,73413,77359,157083,99.6,18,78629,73348,147595,101.9,14.5,72360,78750,157033,94.6,14.7,72557,78554,142739,101,18.5,66615,67481,150009,99.5,16.2,65272,86569,145893,73.3,12.8,68843,91109,145353,72.5,12.8,62454,100707,152255,52.5,11.3,65173,109388,176285,57,12.3
Luampa,51770,47637,101045,117,16.8,53424,49150,92732,98.8,13,52404,50448,98037,99.8,16.7,49506,49891,113069,109.6,18.2,50320,55238,103438,96.7,13.8,51170,56445,108187,101.5,14,48553,47429,87534,112.3,15.6,49311,43592,98546,99.6,13.8,53434,45973,108092,102.1,16.3,53705,47916,111204,102.2,11.5,47861,49245,97783,97.6,16.5,43867,35835,78940,128,17,38764,33150,78167,125,18.7,33714,31415,67758,89.7,22.4,42668,43275,84298,89.8,21.8
Lukulu,73009,63187,133610,98,28.4,74573,67593,155809,102.4,20.1,74315,65474,144971,106.3,25.6,79036,62292,147668,106.6,25,69398,72992,144823,97.9,23.3,76436,72135,154977,105.1,28.1,61702,61425,129265,100.4,27.7,68682,62891,126913,96.5,23.3,120599,134760,282844,98.5,22.9,126390,134141,288964,96.5,24,127523,126454,282032,102.2,22.2,132714,126208,286687,117.9,19.7,161553,115843,295193,114.8,16.2,175915,151520,280868,116,19.1,152428,162789,276534,92.1,17.7
Mitete,45709,43102,102254,109.2,27.4,49626,50411,86504,111,22.6,52861,44226,95788,113.7,21.8,47846,43836,93796,105.1,22.8,45846,47278,91260,97.2,18.1,49788,47669,99910,108.7,23.7,53991,56320,113338,97.6,22.2,49835,51661,101546,108,15.8,56652,56806,116177,95.7,20.9,55756,56608,120583,100.6,20.2,49482,50138,89855,99.9,18.8,42353,42456,81627,99,18.1,33882,47994,78269,82.1,16.5,32071,47429,78701,67.2,13.8,38892,46793,88134,77.7,12.4
Mongu,42173,44021,92509,110,20.3,49129,40945,91629,112,21.5,45781,44468,90181,108.6,29.2,51222,46054,103180,94,17.2,51810,46935,108643,96.8,18.7,53923,48111,107990,94.9,17.6,26339,24455,50012,97.4,18.9,23264,25697,47691,104.9,19.2,24553,24118,57738,105.1,20.4,27057,26325,55525,101.1,20.5,22604,24392,42635,100.3,20.3,19252,18997,40129,86.1,17.5,21860,20131,40768,95,17.7,17860,24274,43169,85.9,17.2,18318,32371,47680,70,16.7
Mulobezi,34819,37164,79151,107.3,15.9,37462,37227,72476,98.3,20.8,36255,37543,85728,92.6,14.9,43000,42482,81822,97.1,15,45204,40528,89968,113.6,18,42265,41941,82287,96,21,19355,19300,36606,108.1,21.9,17671,16687,37856,102.9,19.2,19214,19642,34754,92.5,17.4,17799,18138,39989,94.8,16.7,18033,17155,33654,96.5,18.3,15298,20014,36382,80.5,22.6,15530,16158,37281,92.5,22.7,18133,18291,38645,88.3,29.9,15503,22140,36484,76.5,25.2
Mwandi,42951,43566,96480,91,20.3,47692,43799,89852,91.3,18.5,49138,45040,90720,108.2,18,42605,46083,95205,104.3,20.4,51573,42242,95556,97.9,17.2,45169,45168,96515,110.8,21.1,18810,18278,43659,95.3,19.7,19608,19977,40117,106,22.8,16670,18641,37143,91.5,20.5,16052,19444,33312,88.2,18.9,17949,16340,37085,105.3,16.3,14709,16491,31119,110.6,13.1,13305,16470,31913,82.6,18,11840,15132,27178,62,20,9001,21160,28488,54,17.4
Nalolo,42184,43506,86394,103.3,18,44502,39131,91517,106.8,21,45971,41130,90569,113.2,16,48637,41167,97391,114.2,18.5,48992,51244,104655,106.9,16.9,51147,42674,92409,101.5,14.4,55732,53187,120392,112.4,14.6,60605,59283,117490,108.3,14.9,48871,50142,98876,111.7,21,48013,52999,96131,98.9,17.1,46786,49261,92009,105.5,19.8,39529,51617,95597,84.7,23,42526,46091,87850,94.9,20.4,48176,53854,106000,85.8,18.2,44148,52673,97581,76.9,21.9
Nkeyema,64551,63405,126047,110,21.5,61504,63924,136415,108.1,21.4,65396,67370,131407,113.1,18.7,71151,64384,131440,115.9,16.3,72086,63440,137959,101.3,16.1,69296,67094,151427,99.9,15.8,100616,85100,179961,97.4,17,87509,88898,175232,110.2,16.6,86571,81718,184989,106.3,19.7,86987,81191,178377,101.6,18,79037,79110,178763,98.8,19.3,104482,78407,163865,132.8,18.2,90941,92351,205965,102.6,17,92591,96643,177256,111.7,20,85612,88335,154482,97.5,19.7
Senanga,38306,40082,84760,107.7,18.6,41162,35908,73577,110.2,19.8,43491,36277,78386,109.1,20.2,39000,38436,71033,114.8,21.2,38838,38120,75831,104.1,22.3,42233,40931,81155,107,23.3,27311,24799,45468,101.2,17.9,22987,24087,50874,99.3,23.7,21685,23066,44061,107.2,20.2,20123,17695,38334,105.1,23.7,21080,20166,46593,95.3,19,19136,17054,37913,112.2,20.5,24889,16219,36099,146.2,16.5,22936,13840,39490,205.5,18,23432,11946,40907,209.6,21.9
Sesheke,58766,52729,110162,97.2,24.8,54268,51476,113436,113.6,20.6,59833,53159,120106,108.2,15.5,60131,55898,101725,113.1,21.7,58032,47089,115821,116.1,15.8,59080,56820,106945,101.8,17.6,71599,67199,129018,97.4,16.2,64019,62062,137934,107.3,23.7,60182,57734,98865,98,22.2,60988,49922,117424,97.2,20,56985,50490,117716,111.5,18.5,58585,59772,122241,98.1,24.2,70328,74204,125821,89.8,26.4,72831,68250,134473,87.8,27.6,61877,65379,133954,91.2,34.1
Shang,44980,42773,81789,97.9,22.6,51282,44760,91101,108.2,20.3,45200,49266,86776,100.7,23.7,52847,44189,104454,105.8,19.8,51261,48646,96124,112.1,25,48931,52824,91346,116.3,22.4,47939,49172,99601,98,20.3,48933,44269,92565,95.9,21.6,42580,39406,91032,95.2,22.1,41513,43438,81090,94.2,20.2,41502,34826,82397,104.8,21.8,36978,37815,78196,102,24.2,39343,41756,88601,90.6,24.6,43927,35884,76409,111.7,25.6,45571,37301,93563,146,25.2
Sikongo,41226,36857,72951,106,17.3,38637,41838,76935,95.1,18.4,42116,41068,74805,105.9,17.3,37915,42836,89839,107.5,17.8,44215,40377,83845,102.1,18.7,45520,40567,86685,94.8,16.8,42564,47119,92204,97.6,18.1,44272,49153,86219,92.2,16,40372,40479,74929,105.9,18.2,39102,44664,87986,94.2,16.4,37186,41982,77410,109.1,20.5,34991,41273,85288,74,18.7,31351,51936,86154,71.4,22.3,37100,48995,93255,75.8,23.2,41246,59367,105343,74,28
Sioma,54300,59509,104507,109.9,22,56993,52131,119317,117.4,23.8,63955,53293,111890,118.5,15.6,66183,61208,129030,113,14.7,70966,53877,119556,104,22,69109,65165,131022,119.1,20,67539,65791,132784,110.8,16.8,75000,67587,131465,112.1,17.8,60166,51421,126569,102.8,23.4,59574,59767,127151,104.6,18.9,61806,56496,128919,113.5,16.8,66909,58500,108377,108.3,13,52145,54467,108659,107.7,14.3,58566,57171,104738,113.9,12.7,54711,54108,117394,84,12
Itezhi-tezhi,42591,41417,84024,102.8,19.7,42237,41651,83912,101.4,20.4,42807,42237,85075,101.3,19,44118,42191,86312,104.6,19.5,44206,42695,86914,103.5,17,44548,43128,87693,103.3,18.5,30346,29256,59602,103.7,19.1,30536,29815,60351,102.4,18.3,44065,44059,88124,100,19.1,43389,43389,86778,100,21.1,43818,44171,87989,99.2,18.9,42000,44088,86088,95.3,19.6,49292,48189,97481,102.3,20.6,42970,57249,100218,75.1,18.1,50810,62064,112874,81.9,18.2
Kapiri-mposhi,42591,41417,84024,102.8,19.7,42237,41651,83912,101.4,20.4,42807,42237,85075,101.3,19,44118,42191,86312,104.6,19.5,44206,42695,86914,103.5,17,44548,43128,87693,103.3,18.5,30346,29256,59602,103.7,19.1,30536,29815,60351,102.4,18.3,44065,44059,88124,100,19.1,43389,43389,86778,100,21.1,43818,44171,87989,99.2,18.9,42000,44088,86088,95.3,19.6,49292,48189,97481,102.3,20.6,42970,57249,100218,75.1,18.1,50810,62064,112874,81.9,18.2
Sulaka,42591,41417,84024,102.8,19.7,42237,41651,83912,101.4,20.4,42807,42237,85075,101.3,19,44118,42191,86312,104.6,19.5,44206,42695,86914,103.5,17,44548,43128,87693,103.3,18.5,30346,29256,59602,103.7,19.1,30536,29815,60351,102.4,18.3,44065,44059,88124,100,19.1,43389,43389,86778,100,21.1,43818,44171,87989,99.2,18.9,42000,44088,86088,95.3,19.6,49292,48189,97481,102.3,20.6,42970,57249,100218,75.1,18.1,50810,62064,112874,81.9,18.2
Shiwang'andu,42591,41417,84024,102.8,19.7,42237,41651,83912,101.4,20.4,42807,42237,85075,101.3,19,44118,42191,86312,104.6,19.5,44206,42695,86914,103.5,17,44548,43128,87693,103.3,18.5,30346,29256,59602,103.7,19.1,30536,29815,60351,102.4,18.3,44065,44059,88124,100,19.1,43389,43389,86778,100,21.1,43818,44171,87989,99.2,18.9,42000,44088,86088,95.3,19.6,49292,48189,97481,102.3,20.6,42970,57249,100218,75.1,18.1,50810,62064,112874,81.9,18.2
Shang'ombo,42591,41417,84024,102.8,19.7,42237,41651,83912,101.4,20.4,42807,42237,85075,101.3,19,44118,42191,86312,104.6,19.5,44206,42695,86914,103.5,17,44548,43128,87693,103.3,18.5,30346,29256,59602,103.7,19.1,30536,29815,60351,102.4,18.3,44065,44059,88124,100,19.1,43389,43389,86778,100,21.1,43818,44171,87989,99.2,18.9,42000,44088,86088,95.3,19.6,49292,48189,97481,102.3,20.6,42970,57249,100218,75.1,18.1,50810,62064,112874,81.9,18.2